{
    "ItalyPowerDemand": 0.9689018726348877,
    "LargeKitchenAppliances": 0.5973333120346069,
    "Lightning2": 0.7377049326896667,
    "Lightning7": 0.6164383292198181,
    "Mallat": 0.8810234665870667,
    "Meat": 0.3333333432674408,
    "MedicalImages": 0.6710526347160339,
    "MiddlePhalanxOutlineAgeGroup": 0.6298701167106628,
    "MiddlePhalanxOutlineCorrect": 0.800687313079834,
    "MiddlePhalanxTW": 0.5454545617103577,
    "MixedShapes": "0",
    "MixedShapesSmallTrain": 0.8131958842277527,
    "MoteStrain": 0.8889776468276978,
    "OliveOil": 0.4000000059604645,
    "OSULeaf": 0.5082644820213318,
    "PhalangesOutlinesCorrect": 0.7808857560157776,
    "Phoneme": 0.17457805573940277,
    "PigAirwayPressure": 0.03846153989434242,
    "PigArtPressure": 0.08173076808452606,
    "PigCVP": 0.09615384787321091,
    "Plane": 1.0,
    "PowerCons": 0.9666666388511658,
    "ProximalPhalanxOutlineAgeGroup": 0.8487805128097534,
    "ProximalPhalanxOutlineCorrect": 0.8797250986099243,
    "ProximalPhalanxTW": 0.7707316875457764,
    "RefrigerationDevices": 0.4533333480358124,
    "Rock": 0.7400000095367432,
    "ScreenType": 0.4426666796207428,
    "SemgHandGenderCh2": 0.7950000166893005,
    "SemgHandMovementCh2": 0.4377777874469757,
    "SemgHandSubjectCh2": 0.5933333039283752,
    "ShapeletSim": 0.5166666507720947,
    "ShapesAll": 0.753333330154419,
    "SmallKitchenAppliances": 0.6159999966621399,
    "SmoothSubspace": 0.8799999952316284,
    "SonyAIBORobotSurface1": 0.7337770462036133,
    "SonyAIBORobotSurface2": 0.8740818500518799,
    "StarlightCurves": "0",
    "Strawberry": 0.9486486315727234,
    "SwedishLeaf": 0.9440000057220459,
    "Symbols": 0.897487461566925,
    "SyntheticControl": 0.9466666579246521,
    "ToeSegmentation1": 0.6885964870452881,
    "ToeSegmentation2": 0.7923076748847961,
    "Trace": 0.9900000095367432,
    "TwoLeadECG": 0.8516242504119873,
    "TwoPatterns": 0.9919999837875366,
    "UMD": 0.9652777910232544,
    "UWaveGestureLibrary": 0.8812500238418579,
    "UWaveGestureLibraryAll": 0.9667783379554749,
    "UWaveGestureLibraryX": 0.7948073744773865,
    "UWaveGestureLibraryY": 0.7183138132095337,
    "UWaveGestureLibraryZ": 0.6993299722671509,
    "Wafer": 0.9923750758171082,
    "Wine": 0.5,
    "WordSynonyms": 0.5768024921417236,
    "Worms": 0.5844155550003052,
    "WormsTwoClass": 0.6883116960525513,
    "Yoga": 0.7279999852180481
}